customer_id,name,email,phone
1,Daniel Cervantes,gabriela29@serrano.biz,850.270.4596
2,Caitlyn Case,cameron21@yahoo.com,+1-189-320-7537
3,Paul Reese,julie09@craig.biz,143.466.6759x9444
4,Doris Juarez,wrodriguez@carlson.com,895.121.4030x60425
5,Victoria Castillo,gilberthughes@tucker.net,001-779-370-3815x3692
6,Michael Moore,larry83@smith.biz,+1-730-951-2768x583
7,Mark Cochran,reedsara@gmail.com,1705237001
8,Brandon Martin,andersonlisa@stewart.com,(994)485-5280x9043
9,Katherine Hodge,katelyn94@gmail.com,403-878-8287
10,Brandon Wilson,theresaowen@hotmail.com,(979)110-3737x0194
11,Chelsea Powers,pierceashley@hotmail.com,189-666-9551
12,Angela Richards,ccook@villanueva.com,2919401435
13,Katherine Stout,njohnson@gmail.com,(706)251-5022
14,Katie Wall,coltonramsey@nelson.com,302.839.8851
15,Erica Williams,martinezdustin@yahoo.com,282-140-8028x73990
16,Lisa Young,upierce@miller-flores.com,093-600-0996
17,Erin Williams,clarkkayla@hotmail.com,961.588.7010x991
18,Justin Johnston,jeremyshea@wong.net,6563989804
19,Luis Smith,kdyer@moore.info,001-424-255-9887
20,Marcia Ali,greencarla@gmail.com,001-202-033-5910x268
21,Sarah Black,sheltonbrianna@hotmail.com,982.981.4151x406
22,Stephanie Sullivan,prichard@gmail.com,523-529-0925x1002
23,Savannah Meyer,davisamanda@mcclure-holloway.org,+1-772-024-1990x17248
24,Ethan Simpson,stacyterry@hotmail.com,001-287-978-0427x4996
25,Shawn Buck,moorekathleen@gmail.com,989-962-5632x7281
26,Maria Gonzalez,hjones@day-mathews.com,001-107-654-5332x0496
27,Meghan Reeves,robert58@gmail.com,699-039-9269
28,Dawn Walton,hooverwayne@yahoo.com,635-803-9815
29,Dawn Brown,jeffrey11@hotmail.com,(599)848-4046x050
30,Roberto King,elizabethsexton@aguilar.com,(266)836-6826x4176
31,Morgan Vasquez,lucassingleton@yahoo.com,001-334-778-9758x087
32,Michael Blankenship,stevenlyons@gmail.com,001-597-880-1282x27281
33,Natalie Mcneil,logan73@yahoo.com,001-400-030-3440
34,Kevin Morrison,barnettamy@gmail.com,(118)884-6465
35,Mary Lynch,deborah15@meyer-garza.com,176.479.3863x97906
36,Kayla Vaughan,jmendez@yahoo.com,518.248.3886x5104
37,Julie Vazquez,antoniostephens@gmail.com,329-703-3785x773
38,Emily Woods,hannahsolomon@chambers.biz,(361)297-3817
39,Stacey Young,samantha88@yahoo.com,(286)856-1135
40,Eric Simpson,theresabarnett@gmail.com,420.256.2755x21603
41,Katherine Hansen,ithornton@mcdonald.com,+1-041-481-6477x84495
42,Monica Powell,lisacrane@mora.org,+1-159-539-6045x2420
43,Nicholas Short,amberrichardson@howard-gonzales.com,+1-851-179-4165x863
44,Cheyenne Gonzalez,glennrocha@yahoo.com,6500324090
45,Timothy Koch,kelsey96@hotmail.com,927-666-9659x316
46,Emily Parsons,aaronrichardson@gmail.com,(359)732-6544
47,Ryan Stephenson,rsanchez@russell.com,644-474-5520x823
48,Steven Logan,sweeneypatrick@hotmail.com,804-044-2453x431
49,Amy Gregory,perryrobert@martinez.com,(108)533-9312x48894
50,Daniel King,smitherica@fox-cruz.com,0350966488
51,Susan Oliver,jacobward@randall-bonilla.com,001-698-732-1102
52,Kenneth Welch,madison75@abbott.com,482-320-0386
53,Sharon Calderon,cli@gonzales-thomas.com,321-617-5797x210
54,Charles Ryan,benjaminandrews@gmail.com,+1-009-796-7561
55,Heidi Stevens,mcleanjoshua@hotmail.com,561-314-9051
56,David Brown,pnorton@gmail.com,001-069-157-9197x67730
57,Jennifer Williams,emendoza@brown.org,+1-127-281-4968
58,Gary Brooks,benjamin21@gmail.com,700.690.7199
59,Jonathan Bailey,uliu@carpenter.com,902-252-5251
60,Elijah Moore,robertsnatalie@wilson-matthews.com,(637)493-2292
61,Brittney Mitchell,brianna25@jones.com,(911)892-7454x48706
62,Kellie Garcia,foxfrank@yahoo.com,001-720-051-3136
63,Robin Smith,ahunt@yahoo.com,6185766630
64,Suzanne White,mwest@clay.biz,408.043.4914
65,Jonathan Gill,kristina13@gmail.com,268.063.6253x6571
66,Mrs. Valerie Bennett,williammcknight@peterson-hensley.org,9887619979
67,Rebecca Hammond,kvillegas@yahoo.com,074.610.2404x19348
68,John Smith,jamesbradford@yahoo.com,108.739.2253
69,Diana Simpson,teresa05@kennedy.info,180-228-2252
70,Courtney Watson,nunezlaura@yahoo.com,(096)283-2418x49849
71,Nicole Sanders,jacobwilliams@holmes.com,(967)875-8390x2971
72,Miguel Turner,edelacruz@gmail.com,+1-937-241-5099x508
73,Kelsey Potter,alejandroholt@gmail.com,001-581-860-2772x83207
74,Chelsea Saunders,vholland@baker.com,(815)990-4776x8794
75,John Hamilton IV,larsonjames@johnson.com,169-460-9451
76,Douglas Hernandez,brian81@powers.com,106-431-3672
77,Pamela Cross,davisjohnathan@yahoo.com,(592)974-7808x091
78,Amanda Carey,bnelson@stewart-thomas.com,+1-028-475-4098x97150
79,Lisa Hartman,susan56@hotmail.com,(399)482-1216x851
80,Jessica Scott,hsullivan@hotmail.com,3744511275
81,Spencer Meyers,anthonysmith@hotmail.com,250-953-8774x8348
82,Latasha Hobbs,tiffany75@yahoo.com,(826)175-8120x44903
83,Nicholas Smith,alexa88@yahoo.com,687.633.8270
84,Michael Garner,amandacross@gmail.com,(041)928-9205
85,Amanda Guzman,ashley42@simpson.com,183-507-7552x9029
86,Albert Hughes,nataliemiller@wells.biz,+1-260-312-0545x764
87,Sheri Williams,laura76@gmail.com,(139)589-1450
88,Stephanie Pitts,austin26@park-walsh.net,001-212-480-8471x808
89,Julie Cox,christopherlucas@hotmail.com,+1-075-828-4510x20495
90,Andrew Bruce,leekyle@goodwin.info,044.274.4826
91,Kathryn Buckley,jane23@yahoo.com,881-212-3812x11831
92,Maria Lopez,obond@gmail.com,(383)992-7920x3625
93,David Hawkins,tracyroberts@gmail.com,150-211-3893x77346
94,Matthew Harris,moorepatrick@gmail.com,462-595-2530x57754
95,Emily Lawrence,michael36@doyle-walker.com,(956)987-2384x8983
96,Christopher Peters,ljohnson@white-miller.com,(860)814-0449x0142
97,Michael Jones,sjones@yahoo.com,(779)085-2082x2241
98,Shannon King,brian87@yahoo.com,143-690-8987x931
99,Lori Perez,courtney46@hotmail.com,6160677340
100,Robert Miller,johnny51@marks.com,+1-631-534-3729x181
101,Cynthia Nguyen,robinsonkimberly@flores.com,+1-285-883-3789x08072
102,Troy Carter,richard99@sullivan.biz,001-539-142-2715x01992
103,Audrey Warren,petersoncraig@strickland.com,5715485012
104,Matthew Rodriguez,wendy44@anderson.com,+1-131-534-8410x70482
105,Brian Brooks,blackburnlacey@brown.org,(230)329-0675x101
106,Alexis Walker,nbaker@ballard.info,(186)043-9525x13962
107,Wendy Edwards,rcervantes@gmail.com,+1-806-416-5781x038
108,Ryan Conner,kimberly34@yahoo.com,2069321215
109,Tina White,fcalderon@yahoo.com,001-872-575-0423
110,Paul Chaney,tannerchristian@hotmail.com,+1-143-944-0107x93183
111,Susan Davis,palmercharles@yahoo.com,300.259.6754x881
112,Roy Wagner,inunez@rojas-norris.net,+1-005-276-3367x34718
113,Michael Sanchez,darrenli@heath.biz,789.538.2574
114,Pamela Mann,roy73@gmail.com,001-554-845-9203x6910
115,Dana Jones,tward@lewis.net,737-859-3514
116,Anna Wolfe,candace75@gmail.com,+1-310-559-3883
117,Molly Larson,baileyhenry@gmail.com,760-807-0691
118,Ryan Webb,hallwhitney@lucero.com,001-754-454-3293x692
119,Jay Sanchez,smithkevin@ayers.net,(606)862-3659
120,Jessica Phelps,ufox@daniels.com,976-854-9040
121,Christopher Dorsey,amber10@fields.com,(126)355-9535x6619
122,Keith Jacobs V,wjackson@robertson.com,+1-359-173-4149x47646
123,Evan Phillips,david73@gmail.com,+1-467-452-1693
124,Richard Meyer,smithbryan@white.org,(759)605-1020
125,Catherine Grimes,wwilliams@price.info,782.404.2106x1687
126,Timothy Austin,johnathanmartinez@johnson-bailey.com,001-003-820-9632x645
127,Matthew Reese,jhicks@green.com,+1-020-855-0839x52316
128,Daniel Anderson,marywilson@gmail.com,954-378-5096x1554
129,Stacy Jones,daughertyjulie@hotmail.com,0413401365
130,Jennifer Jones,matthewstewart@yoder.com,663.603.3155x08140
131,Katie Bailey,eandrews@rodriguez.com,001-341-975-1385x51578
132,Paula Cohen,nancyweaver@smith-carson.biz,141-463-1838x8118
133,Rebecca Bush,phillip05@murray-white.com,001-738-430-9998x22582
134,Mr. Tyler Gonzalez,faustin@yahoo.com,001-068-994-3894x407
135,Matthew Wolfe,cheryl15@gmail.com,(708)127-3077x652
136,Carrie Perez,frank59@graves-ryan.com,993-221-9510x28308
137,Carla Rivera,weberbrian@davis-lopez.info,+1-816-578-9065
138,Kimberly Anderson,peterstevens@gmail.com,674-049-1914
139,Christopher Mcdonald,edwardsdenise@yahoo.com,428-192-0555
140,Zachary Wilson,mackenziesimon@gomez.com,+1-266-069-2960x2071
141,Thomas Ruiz,darinray@morales.net,166.551.6848x95594
142,David Moore,nicholeyoung@gmail.com,+1-259-230-1128x88332
143,Joshua Stark,jefferycollins@gmail.com,(440)348-7888x1752
144,Stephanie Rivera,amandablanchard@lang.org,001-527-527-4705
145,Jared Williams,ifields@hotmail.com,(749)403-4815x7652
146,Carl Lopez,megan81@yahoo.com,120-875-4673x5446
147,Paul Taylor,jeremy44@raymond.org,(239)088-6885
148,Juan Whitaker,quinnwilliam@gmail.com,+1-861-782-8628x216
149,Daniel Khan,anthonyalexander@yahoo.com,+1-691-454-3975x449
150,Garrett Dixon,wbates@gmail.com,473.177.2517x644
151,Chelsea Walton,martinezvalerie@yahoo.com,679.274.4250x38527
152,Lisa Lin,hwilliams@obrien.com,001-316-200-6999x42864
153,Deborah Donovan,brittany67@wolf-castillo.net,516-832-8746x08124
154,Grace Herrera,elijahwilliams@mejia-adams.com,(815)405-2421x473
155,Sarah Wallace PhD,daisy91@yahoo.com,+1-250-220-2434x9310
156,Mary Johnson,bmora@hotmail.com,7456781281
157,Jasmine Kline,zhouse@davies.biz,+1-462-061-9801x6953
158,Erica Miller,eward@simpson.com,895.769.5602x950
159,Michelle Perry,walvarez@lee-craig.com,001-614-214-5543x64899
160,Kirsten Jackson,yjohnson@yahoo.com,023-094-2342x24871
161,Jonathan Diaz,mmelton@gmail.com,(828)532-4838
162,Tracy Vazquez,barnettrachel@davis.com,807.250.4653x314
163,Randy Bates,xhughes@long.biz,001-354-460-1432x08966
164,Maria Estrada,tcollier@hotmail.com,4972446646
165,Ethan Bennett,jamestaylor@hotmail.com,004-226-6714x93760
166,Ryan Whitney,anthonyevans@gmail.com,253-941-2731x44671
167,Patrick Myers,mcintosheric@gmail.com,445-082-8622x1677
168,Emily Dunn,justin32@booker.com,(265)174-6310
169,Joshua Neal,georgewilson@kirk.com,798-347-6174
170,Bethany Garcia,kathleenhowell@garner-newman.org,(422)952-2646x74742
171,Beverly Cannon,hoffmanscott@yahoo.com,(980)530-6412
172,Danielle Johnson,billysmith@smith.com,+1-754-688-9189x2884
173,Jessica Hayes,mcase@gmail.com,+1-889-475-4011x0604
174,Deborah Glover,hjefferson@wood-nelson.com,001-480-756-3260x00449
175,Desiree Lawrence,wheelersharon@hotmail.com,(327)709-6875x198
176,Danielle Rush,amy80@gmail.com,556.765.5688x089
177,Matthew Smith,howard04@hotmail.com,056.115.7702x3077
178,Ashley Johnson,lbaker@hotmail.com,(631)797-2484x8893
179,Ryan Fox,torresangela@gmail.com,001-085-706-3336
180,Steven Nelson,mariahjackson@fleming.info,+1-444-721-3716
181,Katie Mcdonald,odonnellkatherine@hotmail.com,702-564-7372x6976
182,Alexander Davis,shannonallen@garcia.com,255-064-2116
183,Adam Martin,ejordan@snyder.com,6039614371
184,Corey Simmons,fieldsjacqueline@gmail.com,(285)639-8849x9290
185,Nicholas Harrington,jessica52@dawson-english.info,299-035-9570x09691
186,Chelsea Taylor,barbarahutchinson@yahoo.com,001-677-552-5817x3969
187,Benjamin Harper,mitchellnicole@hernandez.com,+1-203-080-7657x802
188,Debra Valentine,fpetersen@hotmail.com,(676)236-3590x2489
189,Kimberly Vargas,genemendoza@peterson.com,409-454-4083x5605
190,Robert Dickerson,gpittman@hotmail.com,(375)091-1356x9631
191,Sharon Phillips,catherineharris@lucas-moore.com,2489845798
192,Melinda Carpenter,iestes@mclaughlin.com,(345)119-4658
193,Mark Smith,pattersonpatricia@robbins-madden.com,+1-369-707-8842x69144
194,Renee Mathis,wgardner@yahoo.com,089-716-5125x87019
195,David Sanchez,ericwalters@hotmail.com,+1-431-507-7735x712
196,John Cochran,estradaalan@yahoo.com,342-702-5611
197,Nicholas Gonzalez,stephanieboyer@schneider-wilson.com,833-535-0216
198,Brian Nguyen,higginslauren@hotmail.com,575.888.6218
199,Samuel Small,anna23@adams-andrade.org,056-577-6507
200,Dr. Noah Carrillo,paulsmith@yahoo.com,551.626.5452x805
201,Thomas Mckenzie,zsanchez@christian.info,+1-752-222-7377x057
202,Tyler Moore,paula55@yahoo.com,(911)140-2210x5329
203,Michael Cox,walterfreeman@arroyo.biz,628.010.2838x0408
204,Kyle Johnson,riveralori@hotmail.com,3846627626
205,Melinda Marshall,cindy21@rice-green.com,258-095-4007x7282
206,Rebecca Stevens,jjackson@marshall-mckenzie.info,5436241011
207,Daniel Soto,jane49@hotmail.com,(544)471-6383
208,Kristen Young,brandihawkins@gmail.com,7721562930
209,Zachary Ellison,zmclaughlin@lewis.com,244-225-0612x5481
210,Rebecca Lee,jeffrey47@hall.org,001-448-158-8350x70812
211,Suzanne Garcia,williamcombs@gmail.com,316.889.4338
212,Kelly Myers,jeffreytaylor@yahoo.com,(848)901-7334x3631
213,Mary Bryant,josephmason@hotmail.com,018.046.7109x8505
214,Patrick Johnson,andersonshawna@hotmail.com,2666667804
215,Isabella Carter,jake67@hotmail.com,678.551.7032x21066
216,Danielle Harvey,gregorysilva@allen-brown.org,+1-471-277-3523x037
217,James Solomon,sean67@jackson.com,(916)844-4781x99051
218,Matthew Silva,edwardsjonathan@yahoo.com,(225)874-8988x3242
219,Joseph Schneider,kdrake@yahoo.com,5682972728
220,Karen Roach,kylethomas@hicks.org,989.010.3514x8168
221,Scott Greene,bennettlauren@howard-schneider.info,072.104.9590x24016
222,Sarah Pena,raymond39@hotmail.com,812-038-2944
223,Marcus Martinez,bretthuber@lopez.net,(470)088-3303
224,Elizabeth Williams,margaretbell@callahan-cain.com,5764067703
225,Victoria Berry,martin69@garcia-ortega.com,240-749-7290x935
226,Jacqueline Conrad,garciathomas@bowman-perkins.org,815-797-3171x67944
227,Miguel Mccoy,katherinecase@baldwin-vargas.org,(456)457-4099x6619
228,Jeffrey White,marvin47@gmail.com,572.513.3777
229,Charles Miller,shelby72@gmail.com,562.007.0717x29933
230,Michael Cervantes,warrenmary@gmail.com,549.624.6919x53866
231,Miguel Moody,carly84@page-huff.com,521-169-2469x146
232,Alice Foster,wrightbrittney@powell.com,2905033839
233,Sheila Green,brenda55@jones.com,3345384521
234,Mary Richardson,lanekevin@smith.com,(953)081-5456
235,David Hampton,harpernicholas@yahoo.com,977.575.2464x797
236,Joseph Shepherd,melissaclarke@wallace.org,(589)081-9500x2083
237,Vernon Schneider,joshua54@willis-lester.biz,114-395-1895x46959
238,Tonya Norman,brian01@avila-glover.com,7793300505
239,Miranda Sanders,sheri03@yahoo.com,001-991-710-0968x482
240,Holly Hayes,christopherwashington@thompson.com,792-991-5346x42141
241,Samuel Lawson,kristina63@hotmail.com,832-429-0270x8616
242,Matthew Wang,braunchristopher@jones.com,5429580449
243,Madison Myers,kirk24@adams.com,+1-941-344-9795
244,Erik Rodgers MD,troyjacobson@cross.com,468.830.6349
245,Kelly Martinez,ncole@gmail.com,235.023.3229x08364
246,Joel Rollins,janetruiz@gmail.com,(762)703-7896
247,Jason Arias,derekbrooks@yahoo.com,001-222-315-4005x218
248,Mr. Luke Watson,nfranklin@yahoo.com,(995)493-1558
249,Ryan Rodriguez,tbarnes@werner.org,2511318248
250,Jeremy Reed,alexanderanthony@fox-leach.biz,000.321.6551x01412
251,Natasha Hunter,ohobbs@leblanc.com,+1-031-725-9008
252,Alexander Snyder,jennifer19@mays.com,001-179-191-2684
253,Austin Cox,john54@mathews.com,(365)639-5071
254,Jacqueline Bishop,misty37@fisher.biz,001-624-699-8009
255,Erik Brown,morgan28@yahoo.com,(796)199-0741x5460
256,Dr. Breanna Acosta,prattjennifer@cameron.com,(939)463-7483x7142
257,Lindsay Goodman,michaelcameron@phillips-contreras.com,001-293-598-6886x96781
258,Linda Valenzuela,michaelharris@gmail.com,+1-965-517-5667x8706
259,Kevin Olson,beckchristopher@cooper-lopez.org,632.119.8777
260,Nicholas Davis,romankevin@day-burns.net,(770)009-5745x441
261,Brianna Greene,josephpatrick@yahoo.com,001-422-993-4336x82679
262,Patricia Phillips,stucker@rollins.biz,+1-723-507-9049x724
263,Brandy Hunter,jwilson@gmail.com,001-131-479-5079x7185
264,Christopher Robinson,jeffreyconrad@russell-ferguson.com,+1-756-421-1947
265,Mr. Christopher Herrera MD,gregory69@yahoo.com,(701)683-0576x9340
266,Charles Garcia,dferguson@hotmail.com,8453457406
267,Kimberly Washington,iedwards@ali-thomas.com,102-248-8360
268,Rachel Miller,kimberlymolina@downs.com,669.748.8133x68401
269,Michael Ramos,ulynn@yahoo.com,+1-767-170-6610
270,Troy Nelson,marilyn10@payne.com,+1-854-336-1979x6538
271,Todd Vance,judy39@hotmail.com,(734)345-1117
272,Neil Gonzalez,emily36@miller.com,871.461.5066x70927
273,Richard Parks,mlopez@gmail.com,(813)630-7676x98081
274,Cynthia Anderson,vlam@gmail.com,773-167-6161
275,David Gomez,wmendez@nguyen-beck.net,8405139664
276,David Harmon,dannybarnes@hotmail.com,(310)356-7797x84862
277,Bridget Skinner,jeffrey07@hotmail.com,264.711.4827
278,Christine Wells,vchristensen@jenkins.com,(483)816-9017
279,Mrs. Renee Watts,nlarson@hotmail.com,574.634.9717
280,Christopher Brandt,susan15@davis-rose.net,346-847-0578
281,Michael Jones,aterry@zavala.org,(975)019-1553x1483
282,Theresa Perez,holmesjulie@fowler.com,(587)049-3228x55982
283,Christine Moore,perrybrenda@silva.com,441-643-0662
284,Kathryn Humphrey,alfredjuarez@hotmail.com,+1-062-367-3398
285,Robert Lyons,danielleandrews@hotmail.com,+1-842-961-9917
286,Nathan Gutierrez,jillrios@hotmail.com,+1-323-512-8139x811
287,Michele Mckinney,lindsay78@gmail.com,+1-336-372-1142
288,Elizabeth Rogers,codysmith@oneill-haney.com,001-038-788-7747x34890
289,Teresa Rivera,alexiscrawford@brown.org,(560)975-3198x81588
290,Michael Ray,hannahcook@lee-fox.com,001-856-273-6899x361
291,Derek Gardner,jennifer92@hotmail.com,(393)292-7651
292,Gerald Thompson,davissarah@hill.com,(004)703-5320
293,Alejandro Brooks,hillrobert@gmail.com,+1-846-483-4184x61572
294,Mandy Miller,eprice@yahoo.com,207-959-1900x044
295,Debra Rogers,joshua79@jenkins.com,938-357-4755x429
296,Mr. Daniel Brown,mrose@arnold-rhodes.com,014.734.6785
297,Emily Carlson,andrewsashlee@gmail.com,3137349289
298,Nicole Franklin,kristine80@nelson-williams.com,713-191-6989
299,Nicholas Cook,danny65@flores-cannon.net,001-098-486-6208
300,Matthew Bonilla,burkedavid@sanders.biz,570-223-4582
301,James Waters,walkerstephen@gmail.com,133-721-8308x258
302,Lisa Baker MD,katie46@yahoo.com,001-736-503-0367
303,Valerie Mitchell,graydarin@gmail.com,(010)012-0756
304,Jennifer Pierce,eugene90@mayer-becker.biz,+1-869-606-8041
305,Jose Andrade,mcampbell@tyler.com,001-637-863-7536x517
306,William Holt,andrea27@lamb.com,758-691-1784x810
307,Jennifer Jones,benjaminrussell@yahoo.com,108-298-1755x030
308,Michael Davis,lee04@gmail.com,073.166.3351x940
309,Jordan Lewis,lclark@willis-shelton.com,(703)229-2583x9437
310,Sara Olson,timothymann@evans.com,369-230-2469
311,Lauren Calhoun,nicoleosborne@meyers.com,001-749-331-3873
312,Keith Chaney,brenda68@morris-cox.com,2663477144
313,Samantha Wells,saraortiz@gmail.com,608.939.9409x94294
314,Gary Crane,dylan36@parsons.com,3864012042
315,Donna Reyes,amberfisher@swanson.com,433.699.3077x837
316,Jasmine Schultz,hpeck@yahoo.com,404-983-7266x7298
317,Sean Foster,sellerschristina@gmail.com,001-077-753-2320x7749
318,Laura Robinson,alejandra36@gmail.com,174-288-4973
319,Alyssa Lopez,wardjasmine@gay-landry.biz,220.701.2269x04041
320,Stephanie Mitchell,mvincent@dawson.com,720-954-1298x38057
321,Jaime Gray,leematthew@hardin.org,(527)803-0144x7248
322,Daniel Gonzalez,jamesgallagher@gmail.com,560.711.3572x01903
323,Karen Robinson,kgoodwin@brown-trujillo.com,(627)368-4948x4651
324,Lisa Robinson,laura96@gmail.com,+1-190-913-0969x57982
325,Angela Rice MD,melissa26@yu.info,004-896-9937x935
326,Dana Garcia,davidsonjasmine@scott.com,7866329496
327,Samuel Weber,nschaefer@hodges-stevens.biz,0534743860
328,Leslie Guzman,adamsjill@gmail.com,(191)756-0820x37839
329,David Knapp,sierra68@salazar.com,+1-878-570-5216
330,Adam Mills,nathancarr@gmail.com,+1-992-143-1409x76502
331,Brooke Santana,garcialisa@gmail.com,(985)187-6634
332,Tyler Weaver,patrick45@gmail.com,380-726-7140x78108
333,Lisa Randolph,rmayo@burton-greer.org,(227)406-7905
334,Brian Sims,amarshall@jimenez.biz,123-691-7291
335,Joseph Harris,ugonzalez@hotmail.com,219-362-3242x69325
336,Connie Reynolds,eramirez@knight-graham.com,(824)862-5135
337,Timothy Smith,morganmark@martinez.biz,+1-437-165-8740x776
338,Gabriel Dean,rsoto@johnson.biz,001-234-658-1228x519
339,Robert Hunt,georgetorres@hotmail.com,355.978.1040
340,Lisa Luna,rogersryan@yahoo.com,9464376647
341,Nancy Smith,susan87@beard-oneill.info,518.160.1307x340
342,Shelley Serrano,kathrynduncan@hotmail.com,001-879-530-5968x893
343,Jim Smith,christinamitchell@medina-mccarthy.com,428.144.8084
344,Matthew Francis,smithmegan@gmail.com,+1-152-652-6415
345,Cynthia Baker,stephanielawson@gmail.com,(017)674-9178
346,Kristie Allen,laurenanderson@gmail.com,947.611.3151
347,Dana Robinson,tfrost@hotmail.com,498-090-5301
348,Deborah Tran,teresa25@yahoo.com,634.729.7537
349,Daniel Nunez,yolandadelgado@pope-wilson.com,536.489.9335
350,Hannah Donaldson,michealclark@yahoo.com,(505)804-9336
351,Marvin Walters,sheri50@hughes.org,2073666328
352,Sean Buchanan,howejohn@hall.biz,877-859-6748x6638
353,Allison Allen,harrymunoz@gmail.com,715.107.9234x2716
354,Jacqueline Murphy,michaelcole@graves-cherry.com,284-824-0662
355,Christopher Mcintyre,ahogan@gmail.com,001-527-795-2388x01985
356,John Guerra,davidbecker@yahoo.com,+1-044-284-6858x15604
357,Julie Gillespie,thompsonsamuel@gmail.com,+1-558-004-5567
358,Jessica Patterson,riveraheather@martin-robbins.com,(222)669-2865
359,Lisa Barker,tanyacunningham@garrett-hall.org,(051)241-0256
360,Cynthia Chandler,baileydavid@gmail.com,580.841.1423x109
361,Pamela Massey,frichardson@smith.com,123.485.4691x073
362,Brandon Ford,ntucker@hotmail.com,982-064-5492x6332
363,Dorothy Ramirez,kellyrice@hotmail.com,001-065-029-3420
364,Jeffrey Joseph,andrewperkins@floyd.com,(565)001-0208x649
365,William Nicholson,thomasstephanie@owen.biz,126.349.7339x6569
366,George Fischer,brittany66@hotmail.com,001-479-152-9923x420
367,Calvin Bishop,reedjeffrey@rodriguez.com,(252)649-2826x9442
368,Janice Benson,cathy46@hotmail.com,001-283-889-1288
369,Nathaniel Smith,coltonjohnson@gmail.com,(441)319-3981
370,Haley Brown,wjohnson@gmail.com,1981628601
371,Trevor Cummings,jessica91@hotmail.com,001-220-542-0009x19825
372,Timothy Mcneil,nreese@sheppard.com,468.160.1153x353
373,Jacob Murphy,duffyjose@moore.net,+1-616-258-4886x242
374,Cheryl Scott,charlescarroll@gmail.com,001-719-370-7850x66389
375,Amy Cooper,joshuacarroll@reid.com,(695)798-4099x9046
376,Melvin Jones,catherinereilly@young.com,001-968-451-3171
377,Jonathan Campos,osmith@yahoo.com,6003533790
378,Kelly Arias,maureen95@yahoo.com,666.516.1372
379,Kara Waters,wcox@gmail.com,0565143522
380,Brandy Williams,felicia29@wong.net,082.692.7005
381,Sarah Moore,ashley98@yahoo.com,445.215.9782
382,Stephen Sullivan,mcdonaldstephanie@shea.com,674.717.3378x683
383,Mallory Calhoun,bfarley@yahoo.com,(690)497-5350
384,Lindsey Cooper,derrickwhitehead@gray-hughes.com,621-380-2763x15979
385,Nathan Spence,matthew69@yahoo.com,430-427-9267x011
386,Kaylee Benitez,mhughes@adams-soto.com,001-577-405-7145x196
387,Erin Fernandez,deckerjoseph@evans.org,982-430-8904x9259
388,William Jennings,peteryoung@yahoo.com,001-417-585-4580x05230
389,William Hernandez,khill@gmail.com,(937)321-0193
390,Danny Evans,cisneroswilliam@hotmail.com,001-589-696-6868x216
391,Fred Ross,melissa63@hotmail.com,164-692-1585
392,Shannon Martinez,joelflores@yahoo.com,001-963-066-8214
393,Melissa Garcia,samanthastephens@barrett.org,779-304-0004
394,Erin Perez,daviskaren@stokes-ferguson.com,522.617.9759x40309
395,Lee Molina,james06@yahoo.com,5704036407
396,Lee Taylor,rachel58@hotmail.com,+1-651-000-0448
397,Joseph Guzman,barbervirginia@ruiz.biz,1271492357
398,Katherine Vaughn,epope@mcbride.com,+1-668-386-5806
399,Morgan Schroeder,michelle83@young-fuller.com,(210)821-1418
400,Nina Davis,karawalker@gmail.com,0065740190
401,Donald Phelps,aallison@morris-moss.com,187-412-1782x29093
402,Eric Johnson,danielguzman@gmail.com,830-040-8643
403,Andrea Evans,davissara@barnes.net,+1-083-708-9946
404,Kimberly Kemp,clarklauren@gmail.com,985.973.4850x44424
405,Tiffany Green,weaverjustin@garza-zamora.org,610-892-1358x024
406,Keith Riggs,jessica67@gmail.com,(605)254-0146x6103
407,Jose Parker,mayerjoshua@mendoza.biz,+1-849-312-5289x110
408,Pamela Adams,ashley87@yahoo.com,+1-246-058-1916
409,Kelly Williams,moodyanna@yahoo.com,+1-694-789-0004x94303
410,Stephanie Rios,nguyenbeth@reynolds.com,2474789087
411,Jennifer Johnson,nicole13@lee.org,077.879.0799x085
412,Suzanne Wright,jeremygarcia@reeves.com,(324)915-6904
413,Ashley Lewis,joshuahernandez@hotmail.com,+1-960-345-3315x37924
414,Blake Holmes,jennifer05@gmail.com,439-047-1276
415,Sally Gordon,woodnatalie@hardy-chen.biz,317-332-7659x8476
416,Joshua Fleming,jacksonpatrick@griffith.com,161.867.3245x529
417,Jessica West,nicole03@ryan.org,(898)132-3159
418,Charles Walters,william51@gmail.com,625-142-8067x8957
419,Ann Barnett,cory12@stone-buck.com,+1-476-634-0906x918
420,Brian Steele,twilson@ramos.biz,903.984.4798x4766
421,James Sanders,dennisdavis@hotmail.com,594.530.4667x2687
422,Shaun Sanders,patrick09@yahoo.com,001-051-528-4452x0512
423,Dustin Williams,bryansnyder@yahoo.com,+1-725-177-6817x2415
424,Gregory Hamilton,dianemccarthy@yahoo.com,001-222-925-0988x374
425,Mr. David Martin,campbellstephanie@yahoo.com,214.701.8868
426,Daniel Brown,michelepowell@gmail.com,084.547.7913x01541
427,Ryan Reed,williamsmatthew@gmail.com,614.314.2164
428,Kevin Mcgee,idavenport@gmail.com,(350)084-9479
429,Jerry Vargas,lsalazar@jimenez-wood.com,474.155.2935x8352
430,Christian Schultz,pherrera@yahoo.com,+1-938-033-3008x705
431,Matthew Sutton,elizabeth43@yahoo.com,001-076-587-0368x5957
432,Jason Brooks,renee22@turner.com,+1-639-864-3059
433,Joseph Norman,newtonmegan@edwards-brady.com,001-392-626-9357
434,Michael Peterson,samantharice@ramirez-parks.com,+1-334-225-7155x92643
435,Rhonda Keller,tiffany47@hotmail.com,589.056.1949
436,Carla Houston,donna03@yahoo.com,001-536-045-2141
437,Jeffrey Bowen,bfisher@rodriguez-gregory.com,044-144-5699x051
438,Joel Garcia,davislindsay@holmes-hill.info,064.819.9391
439,Brian Newman,osullivan@hotmail.com,018.532.4556x65711
440,Dustin Koch,anthony17@schmidt-mcconnell.com,060-706-7389x2740
441,Desiree Williams,emyers@yahoo.com,(360)759-7718x32703
442,Julie Johnson,nicholasbrown@gmail.com,001-930-243-0703x990
443,Kelsey Shields,katherinevazquez@yahoo.com,884.307.9607
444,Anna Stevens,kelly27@yahoo.com,409-274-1492x9442
445,Kelli Morton,cody31@collins.com,+1-109-987-5068x9967
446,Krystal Cohen,brewerjeremy@martin.com,150-297-8977
447,Craig Reed,janet06@hotmail.com,9250503338
448,Lauren Richardson,robinsonanita@lewis-hendrix.com,6438212101
449,Jennifer Chavez,hwest@hicks.biz,693-600-9150
450,Melissa Phillips,carol54@jimenez.net,001-311-104-2421
451,Maria Walker,stevenfoley@gmail.com,0732748290
452,Allison Shaw,laurie81@yahoo.com,002-009-0095x10626
453,Tracy Sims,blakemichael@gmail.com,(729)514-6091
454,Julie Combs,obrooks@jacobs-mata.com,378.448.3399
455,Angel Jackson,eking@hays.org,461.086.1070
456,Darrell Carrillo,jamesliu@davis.biz,(947)524-3360x6917
457,Ashley Martinez,mary83@gmail.com,(953)140-5272x69627
458,Micheal Wilson,kyle22@stevenson-gates.com,780-758-2921
459,Daniel Simon,bernard03@garcia.com,+1-691-309-6510x763
460,Megan Marquez,jasonwoods@bell.org,620.414.6353
461,Lori Avila,simmonsjulia@hotmail.com,(967)755-8585
462,Gregory Larson,rebeccacurtis@hotmail.com,(468)334-5216
463,Linda Kline,aimee31@hotmail.com,(729)769-8033x52488
464,Michael Gonzales,tammycasey@peterson.biz,824.162.5374x2800
465,Colin Morrow,bradshawashley@yahoo.com,+1-770-620-3820x47171
466,Tammy Velazquez,john61@yahoo.com,556-288-6314
467,Kim Mathis,adamcarr@hotmail.com,0092623806
468,David Hancock,david36@hotmail.com,001-060-168-4695x01953
469,Ruth Baker,jnorris@yahoo.com,001-515-068-8985
470,Katherine Ray,heatherblack@fitzpatrick-wilson.org,(317)904-2321x719
471,Sean Nelson,butlerrobert@ramirez-maldonado.com,923-781-5319
472,Maria Cunningham,hannahstone@gmail.com,001-942-757-1253x83056
473,Jared Price,dcollins@cruz.com,954-828-9168x5283
474,Gregory Mays,crystal32@yahoo.com,001-628-982-6276x024
475,Sharon Wolfe,melissa03@nichols.com,279-658-4755
476,Patricia Peterson,david35@hotmail.com,001-473-802-4129
477,Terri Banks,stephensonderek@neal-lynch.com,(389)634-5583x028
478,David Mendoza,michael97@robinson-martin.info,028.051.3534x691
479,Janice Jones,amy12@hotmail.com,001-264-100-3661x8479
480,Mario Andersen,cburke@dawson.com,001-521-429-2842x586
481,Dr. Tracey Castaneda,normatran@hotmail.com,704-463-0459x386
482,Jamie Whitehead,williamskimberly@hotmail.com,+1-582-250-2008x296
483,Linda Wilson,thorntoncody@wood.com,+1-899-017-2061x9333
484,Kristin Hart,herringjohnathan@gmail.com,(221)166-6863
485,Michael Valenzuela,christinasaunders@rivas.com,564.370.1087
486,Summer Strong,zimmermananne@gmail.com,001-467-061-2629x124
487,Patrick Snyder,brownmark@brown.com,+1-600-328-7060x36819
488,Donald Aguilar,dgordon@rivers.com,229.531.7696x26436
489,Tanner Martin,boylemichelle@walker.com,001-792-364-3478x47331
490,Ricardo Smith,karlacaldwell@yahoo.com,001-732-165-5381x582
491,David Bonilla,cstephens@roach.biz,434-817-3148
492,Sean Miller,deanna28@yahoo.com,(348)486-5579
493,Samantha Clayton,jasontownsend@gmail.com,0921958020
494,Claudia Hernandez,kphillips@gmail.com,658.784.9770
495,Lori Wright,erik52@haynes-perez.com,001-143-161-7432
496,Michael Phillips,jaime14@clay.com,(594)779-2376
497,Nicholas Baker,johnsonjesse@harper-henry.net,245-738-0131
498,Bobby Miller,yrosario@lindsey.com,001-430-873-5253x6267
499,James Brock,turnerlaura@shaw.com,(413)952-4432x842
500,Maria Rice,robert76@gmail.com,(870)365-1348x948
